0,1,6.0
0,0,150.0
256,0,150.7
512,0,151.4
768,0,152.1
1024,0,152.8
1280,0,153.5
1536,0,154.3
1792,0,155.0
2048,0,155.7
2304,0,156.4
2560,0,157.2
2816,0,157.9
3072,0,158.7
3328,0,159.4
3584,0,160.1
3840,0,160.9
4096,0,161.7
4352,0,162.4
4608,0,163.2
4864,0,163.9
5120,0,164.7
5376,0,165.5
5632,0,166.3
5888,0,167.0
6144,0,167.8
6400,0,168.6
6656,0,169.4
6912,0,170.2
7168,0,171.0
7424,0,171.8
7680,0,172.6
7936,0,173.4
8192,0,174.2
8448,0,175.0
8704,0,175.8
8960,0,176.7
9216,0,177.5
9472,0,178.3
9728,0,179.2
9984,0,180.0
10240,0,180.8
10496,0,181.7
10752,0,182.5
11008,0,183.4
11264,0,184.3
11520,0,185.1
11776,0,186.0
12032,0,186.9
12288,0,187.7
12544,0,188.6
12800,0,189.5
13056,0,190.4
13312,0,191.3
13568,0,192.2
13824,0,193.1
14080,0,194.0
14336,0,194.9
14592,0,195.8
14848,0,196.7
15104,0,197.6
15360,0,198.6
15616,0,199.5
15872,0,200.4
16128,0,201.4
16384,0,202.3
16640,0,203.3
16896,0,204.2
17152,0,205.2
17408,0,206.1
17664,0,207.1
17920,0,208.1
18176,0,209.1
18432,0,210.0
18688,0,211.0
18944,0,212.0
19200,0,213.0
19456,0,214.0
19712,0,215.0
19968,0,216.0
20224,0,217.0
20480,0,218.0
20736,0,219.1
20992,0,220.1
21248,0,221.1
21504,0,222.2
21760,0,223.2
22016,0,224.2
22272,0,225.3
22528,0,226.3
22784,0,227.4
23040,0,228.5
23296,0,229.5
23552,0,230.6
23808,0,231.7
24064,0,232.8
24320,0,233.9
24576,0,235.0
24832,0,236.1
25088,0,237.2
25344,0,238.3
25600,0,239.4
25856,0,240.5
26112,0,241.7
26368,0,242.8
26624,0,243.9
26880,0,245.1
27136,0,246.2
27392,0,247.4
27648,0,248.5
27904,0,249.7
28160,0,250.9
28416,0,252.0
28672,0,253.2
28928,0,254.4
29184,0,255.6
29440,0,256.8
29696,0,258.0
29952,0,259.2
30208,0,260.4
30464,0,261.7
30720,0,262.9
30976,0,264.1
31232,0,265.3
31488,0,266.6
31744,0,267.8
32000,0,269.1
32256,0,270.4
32512,0,271.6
32768,0,272.9
33024,0,274.2
33280,0,275.5
33536,0,276.7
33792,0,278.0
34048,0,279.3
34304,0,280.7
34560,0,282.0
34816,0,283.3
35072,0,284.6
35328,0,286.0
35584,0,287.3
35840,0,288.6
36096,0,290.0
36352,0,291.4
36608,0,292.7
36864,0,294.1
37120,0,295.5
37376,0,296.9
37632,0,298.2
37888,0,299.6
38144,0,301.0
38400,0,302.5
38656,0,303.9
38912,0,305.3
39168,0,306.7
39424,0,308.2
39680,0,309.6
39936,0,311.1
40192,0,312.5
40448,0,314.0
40704,0,315.5
40960,0,316.9
41216,0,318.4
41472,0,319.9
41728,0,321.4
41984,0,322.9
42240,0,324.4
42496,0,326.0
42752,0,327.5
43008,0,329.0
43264,0,330.6
43520,0,332.1
43776,0,333.7
44032,0,335.2
44288,0,336.8
44544,0,338.4
44800,0,340.0
45056,0,341.6
45312,0,343.2
45568,0,344.8
45824,0,346.4
46080,0,348.0
46336,0,349.6
46592,0,351.3
46848,0,352.9
47104,0,354.6
47360,0,356.2
47616,0,357.9
47872,0,359.6
48128,0,361.3
48384,0,363.0
48640,0,364.7
48896,0,366.4
49152,0,368.1
49408,0,369.8
49664,0,371.5
49920,0,373.3
50176,0,375.0
50432,0,376.8
50688,0,378.6
50944,0,380.3
51200,0,382.1
51456,0,383.9
51712,0,385.7
51968,0,387.5
52224,0,389.3
52480,0,391.2
52736,0,393.0
52992,0,394.8
53248,0,396.7
53504,0,398.5
53760,0,400.4
54016,0,402.3
54272,0,404.2
54528,0,406.1
54784,0,408.0
55040,0,409.9
55296,0,411.8
55552,0,413.7
55808,0,415.7
56064,0,417.6
56320,0,419.6
56576,0,421.5
56832,0,423.5
57088,0,425.5
57344,0,427.5
57600,0,429.5
57856,0,431.5
58112,0,433.5
58368,0,435.6
58624,0,437.6
58880,0,439.7
59136,0,441.7
59392,0,443.8
59648,0,445.9
59904,0,447.9
60160,0,450.0
60416,0,452.2
60672,0,454.3
60928,0,456.4
61184,0,458.5
61440,0,460.7
61696,0,462.9
61952,0,465.0
62208,0,467.2
62464,0,469.4
62720,0,471.6
62976,0,473.8
63232,0,476.0
63488,0,478.3
63744,0,480.5
64000,0,482.7
64256,0,485.0
64512,0,487.3
64768,0,489.6
65024,0,491.9
65280,0,494.2
65536,0,496.5
65792,0,498.8
66048,0,501.1
66304,0,503.5
66560,0,505.9
66816,0,508.2
67072,0,510.6
67328,0,513.0
67584,0,515.4
67840,0,517.8
68096,0,520.2
68352,0,522.7
68608,0,525.1
68864,0,527.6
69120,0,530.1
69376,0,532.5
69632,0,535.0
69888,0,537.6
70144,0,540.1
70400,0,542.6
70656,0,545.1
70912,0,547.7
71168,0,550.3
71424,0,552.8
71680,0,555.4
71936,0,558.0
72192,0,560.7
72448,0,563.3
72704,0,565.9
72960,0,568.6
73216,0,571.2
73472,0,573.9
73728,0,576.6
73984,0,579.3
74240,0,582.0
74496,0,584.7
74752,0,587.5
75008,0,590.2
75264,0,593.0
75520,0,595.8
75776,0,598.6
76032,0,601.4
76288,0,604.2
76544,0,607.0
76800,0,609.9
77056,0,612.7
77312,0,615.6
77568,0,618.5
77824,0,621.4
78080,0,624.3
78336,0,627.2
78592,0,630.2
78848,0,633.1
79104,0,636.1
79360,0,639.1
79616,0,642.1
79872,0,645.1
80128,0,648.1
80384,0,651.1
80640,0,654.2
80896,0,657.3
81152,0,660.3
81408,0,663.4
81664,0,666.5
81920,0,669.7
82176,0,672.8
82432,0,675.9
82688,0,679.1
82944,0,682.3
83200,0,685.5
83456,0,688.7
83712,0,691.9
83968,0,695.2
84224,0,698.4
84480,0,701.7
84736,0,705.0
84992,0,708.3
85248,0,711.6
85504,0,715.0
85760,0,718.3
86016,0,721.7
86272,0,725.1
86528,0,728.5
86784,0,731.9
87040,0,735.3
87296,0,738.7
87552,0,742.2
87808,0,745.7
88064,0,749.2
88320,0,752.7
88576,0,756.2
88832,0,759.8
89088,0,763.3
89344,0,766.9
89600,0,770.5
89856,0,774.1
90112,0,777.7
90368,0,781.4
90624,0,785.0
90880,0,788.7
91136,0,792.4
91392,0,796.1
91648,0,799.9
91904,0,803.6
92160,0,807.4
92416,0,811.2
92672,0,815.0
92928,0,818.8
93184,0,822.6
93440,0,826.5
93696,0,830.3
93952,0,834.2
94208,0,838.1
94464,0,842.1
94720,0,846.0
94976,0,850.0
95232,0,854.0
95488,0,858.0
95744,0,862.0
96000,0,866.0
96256,0,870.1
96512,0,874.2
96768,0,878.3
97024,0,882.4
97280,0,886.5
97536,0,890.7
97792,0,894.8
98048,0,899.0
98304,0,903.2
98560,0,907.5
98816,0,911.7
99072,0,916.0
99328,0,920.3
99584,0,924.6
99840,0,928.9
100096,0,933.3
100352,0,937.7
100608,0,942.1
100864,0,946.5
101120,0,950.9
101376,0,955.4
101632,0,959.8
101888,0,964.3
102144,0,968.9
102400,0,973.4
102656,0,978.0
102912,0,982.5
103168,0,987.2
103424,0,991.8
103680,0,996.4
103936,0,1001.1
104192,0,1005.8
104448,0,1010.5
104704,0,1015.2
104960,0,1020.0
105216,0,1024.8
105472,0,1029.6
105728,0,1034.4
105984,0,1039.3
106240,0,1044.1
106496,0,1049.0
106752,0,1053.9
107008,0,1058.9
107264,0,1063.8
107520,0,1068.8
107776,0,1073.8
108032,0,1078.9
108288,0,1083.9
108544,0,1089.0
108800,0,1094.1
109056,0,1099.2
109312,0,1104.4
109568,0,1109.6
109824,0,1114.8
110080,0,1120.0
110336,0,1125.2
110592,0,1130.5
110848,0,1135.8
111104,0,1141.1
111360,0,1146.5
111616,0,1151.8
111872,0,1157.2
112128,0,1162.7
112384,0,1168.1
112640,0,1173.6
112896,0,1179.1
113152,0,1184.6
113408,0,1190.2
113664,0,1195.7
113920,0,1201.3
114176,0,1207.0
114432,0,1212.6
114688,0,1218.3
114944,0,1224.0
115200,0,1229.8
115456,0,1235.5
115712,0,1241.3
115968,0,1247.1
116224,0,1253.0
116480,0,1258.8
116736,0,1264.7
116992,0,1270.7
117248,0,1276.6
117504,0,1282.6
117760,0,1288.6
118016,0,1294.7
118272,0,1300.7
118528,0,1306.8
118784,0,1312.9
119040,0,1319.1
119296,0,1325.3
119552,0,1331.5
119808,0,1337.7
120064,0,1344.0
120320,0,1350.3
120576,0,1356.6
120832,0,1363.0
121088,0,1369.4
121344,0,1375.8
121600,0,1382.2
121856,0,1388.7
122112,0,1395.2
122368,0,1401.8
122624,0,1408.3
122880,0,1414.9
123136,0,1421.6
123392,0,1428.2
123648,0,1434.9
123904,0,1441.6
124160,0,1448.4
124416,0,1455.2
124672,0,1462.0
124928,0,1468.9
125184,0,1475.7
125440,0,1482.7
125696,0,1489.6
125952,0,1496.6
126208,0,1503.6
126464,0,1510.6
126720,0,1517.7
126976,0,1524.8
127232,0,1532.0
127488,0,1539.2
127744,0,1546.4
128000,0,1553.6
128256,0,1560.9
128512,0,1568.2
128768,0,1575.6
129024,0,1582.9
129280,0,1590.4
129536,0,1597.8
129792,0,1605.3
130048,0,1612.8
130304,0,1620.4
130560,0,1628.0
130816,0,1635.6
131072,0,1643.3
131328,0,1651.0
131584,0,1658.7
131840,0,1666.5
132096,0,1674.3
132352,0,1682.1
132608,0,1690.0
132864,0,1697.9
133120,0,1705.9
133376,0,1713.9
133632,0,1721.9
133888,0,1730.0
134144,0,1738.1
134400,0,1746.2
134656,0,1754.4
134912,0,1762.7
135168,0,1770.9
135424,0,1779.2
135680,0,1787.6
135936,0,1795.9
136192,0,1804.3
136448,0,1812.8
136704,0,1821.3
136960,0,1829.8
137216,0,1838.4
137472,0,1847.0
137728,0,1855.7
137984,0,1864.4
138240,0,1873.1
138496,0,1881.9
138752,0,1890.7
139008,0,1899.6
139264,0,1908.5
139520,0,1917.4
139776,0,1926.4
140032,0,1935.4
140288,0,1944.5
140544,0,1953.6
140800,0,1962.8
141056,0,1972.0
141312,0,1981.2
141568,0,1990.5
141824,0,1999.8
142080,0,2009.2
142336,0,2018.6
142592,0,2028.1
142848,0,2037.6
143104,0,2047.1
143360,0,2056.7
143616,0,2066.4
143872,0,2076.0
144128,0,2085.8
144384,0,2095.5
144640,0,2105.4
144896,0,2115.2
145152,0,2125.1
145408,0,2135.1
145664,0,2145.1
145920,0,2155.2
146176,0,2165.3
146432,0,2175.4
146688,0,2185.6
146944,0,2195.8
147200,0,2206.1
147456,0,2216.5
147712,0,2226.9
147968,0,2237.3
148224,0,2247.8
148480,0,2258.3
148736,0,2268.9
148992,0,2279.5
149248,0,2290.2
149504,0,2300.9
149760,0,2311.7
150016,0,2322.6
150272,0,2333.4
150528,0,2344.4
150784,0,2355.4
151040,0,2366.4
151296,0,2377.5
151552,0,2388.6
151808,0,2399.8
152064,0,2411.1
152320,0,2422.4
152576,0,2433.7
152832,0,2445.1
153088,0,2456.6
153344,0,2468.1
153600,0,2479.7
153856,0,2491.3
154112,0,2503.0
154368,0,2514.7
154624,0,2526.5
154880,0,2538.3
155136,0,2550.2
155392,0,2562.2
155648,0,2574.2
155904,0,2586.2
156160,0,2598.4
156416,0,2610.5
156672,0,2622.8
156928,0,2635.1
157184,0,2647.4
157440,0,2659.8
157696,0,2672.3
157952,0,2684.8
158208,0,2697.4
158464,0,2710.0
158720,0,2722.7
158976,0,2735.5
159232,0,2748.3
159488,0,2761.2
159744,0,2774.1
160000,0,2787.1
160256,0,2800.2
160512,0,2813.3
160768,0,2826.5
161024,0,2839.7
161280,0,2853.1
161536,0,2866.4
161792,0,2879.9
162048,0,2893.3
162304,0,2906.9
162560,0,2920.5
162816,0,2934.2
163072,0,2948.0
163328,0,2961.8
163584,0,2975.7
163840,0,2989.6
164096,0,3003.6
164352,0,3017.7
164608,0,3031.8
164864,0,3046.0
165120,0,3060.3
165376,0,3074.7
165632,0,3089.1
165888,0,3103.5
166144,0,3118.1
166400,0,3132.7
166656,0,3147.4
166912,0,3162.1
167168,0,3177.0
167424,0,3191.8
167680,0,3206.8
167936,0,3221.8
168192,0,3236.9
168448,0,3252.1
168704,0,3267.3
168960,0,3282.6
169216,0,3298.0
169472,0,3313.5
169728,0,3329.0
169984,0,3344.6
170240,0,3360.3
170496,0,3376.0
170752,0,3391.9
171008,0,3407.8
171264,0,3423.7
171520,0,3439.8
171776,0,3455.9
172032,0,3472.1
172288,0,3488.4
172544,0,3504.7
172800,0,3521.1
173056,0,3537.6
173312,0,3554.2
173568,0,3570.9
173824,0,3587.6
174080,0,3604.4
174336,0,3621.3
174592,0,3638.3
174848,0,3655.3
175104,0,3672.5
175360,0,3689.7
175616,0,3707.0
175872,0,3724.3
176128,0,3741.8
176384,0,3759.3
176640,0,3776.9
176896,0,3794.6
177152,0,3812.4
177408,0,3830.3
177664,0,3848.2
177920,0,3866.3
178176,0,3884.4
178432,0,3902.6
178688,0,3920.9
178944,0,3939.3
179200,0,3957.7
179456,0,3976.3
179712,0,3994.9
179968,0,4013.6
180224,0,4032.4
180480,0,4051.3
180736,0,4070.3
180992,0,4089.4
181248,0,4108.6
181504,0,4127.8
181760,0,4147.2
182016,0,4166.6
182272,0,4186.1
182528,0,4205.7
182784,0,4225.4
183040,0,4245.2
183296,0,4265.1
183552,0,4285.1
183808,0,4305.2
184064,0,4325.4
184320,0,4345.7
184576,0,4366.0
184832,0,4386.5
185088,0,4407.0
185344,0,4427.7
185600,0,4448.4
185856,0,4469.3
186112,0,4490.2
186368,0,4511.3
186624,0,4532.4
186880,0,4553.7
187136,0,4575.0
187392,0,4596.4
187648,0,4618.0
187904,0,4639.6
188160,0,4661.4
188416,0,4683.2
188672,0,4705.1
188928,0,4727.2
189184,0,4749.4
189440,0,4771.6
189696,0,4794.0
189952,0,4816.4
190208,0,4839.0
190464,0,4861.7
190720,0,4884.5
190976,0,4907.4
191232,0,4930.4
191488,0,4953.5
191744,0,4976.7
192000,0,5000.0
192256,0,4976.7
192512,0,4953.5
192768,0,4930.4
193024,0,4907.4
193280,0,4884.5
193536,0,4861.7
193792,0,4839.0
194048,0,4816.4
194304,0,4794.0
194560,0,4771.6
194816,0,4749.4
195072,0,4727.2
195328,0,4705.1
195584,0,4683.2
195840,0,4661.4
196096,0,4639.6
196352,0,4618.0
196608,0,4596.4
196864,0,4575.0
197120,0,4553.7
197376,0,4532.4
197632,0,4511.3
197888,0,4490.2
198144,0,4469.3
198400,0,4448.4
198656,0,4427.7
198912,0,4407.0
199168,0,4386.5
199424,0,4366.0
199680,0,4345.7
199936,0,4325.4
200192,0,4305.2
200448,0,4285.1
200704,0,4265.1
200960,0,4245.2
201216,0,4225.4
201472,0,4205.7
201728,0,4186.1
201984,0,4166.6
202240,0,4147.2
202496,0,4127.8
202752,0,4108.6
203008,0,4089.4
203264,0,4070.3
203520,0,4051.3
203776,0,4032.4
204032,0,4013.6
204288,0,3994.9
204544,0,3976.3
204800,0,3957.7
205056,0,3939.3
205312,0,3920.9
205568,0,3902.6
205824,0,3884.4
206080,0,3866.3
206336,0,3848.2
206592,0,3830.3
206848,0,3812.4
207104,0,3794.6
207360,0,3776.9
207616,0,3759.3
207872,0,3741.8
208128,0,3724.3
208384,0,3707.0
208640,0,3689.7
208896,0,3672.5
209152,0,3655.3
209408,0,3638.3
209664,0,3621.3
209920,0,3604.4
210176,0,3587.6
210432,0,3570.9
210688,0,3554.2
210944,0,3537.6
211200,0,3521.1
211456,0,3504.7
211712,0,3488.4
211968,0,3472.1
212224,0,3455.9
212480,0,3439.8
212736,0,3423.7
212992,0,3407.8
213248,0,3391.9
213504,0,3376.0
213760,0,3360.3
214016,0,3344.6
214272,0,3329.0
214528,0,3313.5
214784,0,3298.0
215040,0,3282.6
215296,0,3267.3
215552,0,3252.1
215808,0,3236.9
216064,0,3221.8
216320,0,3206.8
216576,0,3191.8
216832,0,3177.0
217088,0,3162.1
217344,0,3147.4
217600,0,3132.7
217856,0,3118.1
218112,0,3103.5
218368,0,3089.1
218624,0,3074.7
218880,0,3060.3
219136,0,3046.0
219392,0,3031.8
219648,0,3017.7
219904,0,3003.6
220160,0,2989.6
220416,0,2975.7
220672,0,2961.8
220928,0,2948.0
221184,0,2934.2
221440,0,2920.5
221696,0,2906.9
221952,0,2893.3
222208,0,2879.9
222464,0,2866.4
222720,0,2853.1
222976,0,2839.7
223232,0,2826.5
223488,0,2813.3
223744,0,2800.2
224000,0,2787.1
224256,0,2774.1
224512,0,2761.2
224768,0,2748.3
225024,0,2735.5
225280,0,2722.7
225536,0,2710.0
225792,0,2697.4
226048,0,2684.8
226304,0,2672.3
226560,0,2659.8
226816,0,2647.4
227072,0,2635.1
227328,0,2622.8
227584,0,2610.5
227840,0,2598.4
228096,0,2586.2
228352,0,2574.2
228608,0,2562.2
228864,0,2550.2
229120,0,2538.3
229376,0,2526.5
229632,0,2514.7
229888,0,2503.0
230144,0,2491.3
230400,0,2479.7
230656,0,2468.1
230912,0,2456.6
231168,0,2445.1
231424,0,2433.7
231680,0,2422.4
231936,0,2411.1
232192,0,2399.8
232448,0,2388.6
232704,0,2377.5
232960,0,2366.4
233216,0,2355.4
233472,0,2344.4
233728,0,2333.4
233984,0,2322.6
234240,0,2311.7
234496,0,2300.9
234752,0,2290.2
235008,0,2279.5
235264,0,2268.9
235520,0,2258.3
235776,0,2247.8
236032,0,2237.3
236288,0,2226.9
236544,0,2216.5
236800,0,2206.1
237056,0,2195.8
237312,0,2185.6
237568,0,2175.4
237824,0,2165.3
238080,0,2155.2
238336,0,2145.1
238592,0,2135.1
238848,0,2125.1
239104,0,2115.2
239360,0,2105.4
239616,0,2095.5
239872,0,2085.8
240128,0,2076.0
240384,0,2066.4
240640,0,2056.7
240896,0,2047.1
241152,0,2037.6
241408,0,2028.1
241664,0,2018.6
241920,0,2009.2
242176,0,1999.8
242432,0,1990.5
242688,0,1981.2
242944,0,1972.0
243200,0,1962.8
243456,0,1953.6
243712,0,1944.5
243968,0,1935.4
244224,0,1926.4
244480,0,1917.4
244736,0,1908.5
244992,0,1899.6
245248,0,1890.7
245504,0,1881.9
245760,0,1873.1
246016,0,1864.4
246272,0,1855.7
246528,0,1847.0
246784,0,1838.4
247040,0,1829.8
247296,0,1821.3
247552,0,1812.8
247808,0,1804.3
248064,0,1795.9
248320,0,1787.6
248576,0,1779.2
248832,0,1770.9
249088,0,1762.7
249344,0,1754.4
249600,0,1746.2
249856,0,1738.1
250112,0,1730.0
250368,0,1721.9
250624,0,1713.9
250880,0,1705.9
251136,0,1697.9
251392,0,1690.0
251648,0,1682.1
251904,0,1674.3
252160,0,1666.5
252416,0,1658.7
252672,0,1651.0
252928,0,1643.3
253184,0,1635.6
253440,0,1628.0
253696,0,1620.4
253952,0,1612.8
254208,0,1605.3
254464,0,1597.8
254720,0,1590.4
254976,0,1582.9
255232,0,1575.6
255488,0,1568.2
255744,0,1560.9
256000,0,1553.6
256256,0,1546.4
256512,0,1539.2
256768,0,1532.0
257024,0,1524.8
257280,0,1517.7
257536,0,1510.6
257792,0,1503.6
258048,0,1496.6
258304,0,1489.6
258560,0,1482.7
258816,0,1475.7
259072,0,1468.9
259328,0,1462.0
259584,0,1455.2
259840,0,1448.4
260096,0,1441.6
260352,0,1434.9
260608,0,1428.2
260864,0,1421.6
261120,0,1414.9
261376,0,1408.3
261632,0,1401.8
261888,0,1395.2
262144,0,1388.7
262400,0,1382.2
262656,0,1375.8
262912,0,1369.4
263168,0,1363.0
263424,0,1356.6
263680,0,1350.3
263936,0,1344.0
264192,0,1337.7
264448,0,1331.5
264704,0,1325.3
264960,0,1319.1
265216,0,1312.9
265472,0,1306.8
265728,0,1300.7
265984,0,1294.7
266240,0,1288.6
266496,0,1282.6
266752,0,1276.6
267008,0,1270.7
267264,0,1264.7
267520,0,1258.8
267776,0,1253.0
268032,0,1247.1
268288,0,1241.3
268544,0,1235.5
268800,0,1229.8
269056,0,1224.0
269312,0,1218.3
269568,0,1212.6
269824,0,1207.0
270080,0,1201.3
270336,0,1195.7
270592,0,1190.2
270848,0,1184.6
271104,0,1179.1
271360,0,1173.6
271616,0,1168.1
271872,0,1162.7
272128,0,1157.2
272384,0,1151.8
272640,0,1146.5
272896,0,1141.1
273152,0,1135.8
273408,0,1130.5
273664,0,1125.2
273920,0,1120.0
274176,0,1114.8
274432,0,1109.6
274688,0,1104.4
274944,0,1099.2
275200,0,1094.1
275456,0,1089.0
275712,0,1083.9
275968,0,1078.9
276224,0,1073.8
276480,0,1068.8
276736,0,1063.8
276992,0,1058.9
277248,0,1053.9
277504,0,1049.0
277760,0,1044.1
278016,0,1039.3
278272,0,1034.4
278528,0,1029.6
278784,0,1024.8
279040,0,1020.0
279296,0,1015.2
279552,0,1010.5
279808,0,1005.8
280064,0,1001.1
280320,0,996.4
280576,0,991.8
280832,0,987.2
281088,0,982.5
281344,0,978.0
281600,0,973.4
281856,0,968.9
282112,0,964.3
282368,0,959.8
282624,0,955.4
282880,0,950.9
283136,0,946.5
283392,0,942.1
283648,0,937.7
283904,0,933.3
284160,0,928.9
284416,0,924.6
284672,0,920.3
284928,0,916.0
285184,0,911.7
285440,0,907.5
285696,0,903.2
285952,0,899.0
286208,0,894.8
286464,0,890.7
286720,0,886.5
286976,0,882.4
287232,0,878.3
287488,0,874.2
287744,0,870.1
288000,0,866.0
288256,0,862.0
288512,0,858.0
288768,0,854.0
289024,0,850.0
289280,0,846.0
289536,0,842.1
289792,0,838.1
290048,0,834.2
290304,0,830.3
290560,0,826.5
290816,0,822.6
291072,0,818.8
291328,0,815.0
291584,0,811.2
291840,0,807.4
292096,0,803.6
292352,0,799.9
292608,0,796.1
292864,0,792.4
293120,0,788.7
293376,0,785.0
293632,0,781.4
293888,0,777.7
294144,0,774.1
294400,0,770.5
294656,0,766.9
294912,0,763.3
295168,0,759.8
295424,0,756.2
295680,0,752.7
295936,0,749.2
296192,0,745.7
296448,0,742.2
296704,0,738.7
296960,0,735.3
297216,0,731.9
297472,0,728.5
297728,0,725.1
297984,0,721.7
298240,0,718.3
298496,0,715.0
298752,0,711.6
299008,0,708.3
299264,0,705.0
299520,0,701.7
299776,0,698.4
300032,0,695.2
300288,0,691.9
300544,0,688.7
300800,0,685.5
301056,0,682.3
301312,0,679.1
301568,0,675.9
301824,0,672.8
302080,0,669.7
302336,0,666.5
302592,0,663.4
302848,0,660.3
303104,0,657.3
303360,0,654.2
303616,0,651.1
303872,0,648.1
304128,0,645.1
304384,0,642.1
304640,0,639.1
304896,0,636.1
305152,0,633.1
305408,0,630.2
305664,0,627.2
305920,0,624.3
306176,0,621.4
306432,0,618.5
306688,0,615.6
306944,0,612.7
307200,0,609.9
307456,0,607.0
307712,0,604.2
307968,0,601.4
308224,0,598.6
308480,0,595.8
308736,0,593.0
308992,0,590.2
309248,0,587.5
309504,0,584.7
309760,0,582.0
310016,0,579.3
310272,0,576.6
310528,0,573.9
310784,0,571.2
311040,0,568.6
311296,0,565.9
311552,0,563.3
311808,0,560.7
312064,0,558.0
312320,0,555.4
312576,0,552.8
312832,0,550.3
313088,0,547.7
313344,0,545.1
313600,0,542.6
313856,0,540.1
314112,0,537.6
314368,0,535.0
314624,0,532.5
314880,0,530.1
315136,0,527.6
315392,0,525.1
315648,0,522.7
315904,0,520.2
316160,0,517.8
316416,0,515.4
316672,0,513.0
316928,0,510.6
317184,0,508.2
317440,0,505.9
317696,0,503.5
317952,0,501.1
318208,0,498.8
318464,0,496.5
318720,0,494.2
318976,0,491.9
319232,0,489.6
319488,0,487.3
319744,0,485.0
320000,0,482.7
320256,0,480.5
320512,0,478.3
320768,0,476.0
321024,0,473.8
321280,0,471.6
321536,0,469.4
321792,0,467.2
322048,0,465.0
322304,0,462.9
322560,0,460.7
322816,0,458.5
323072,0,456.4
323328,0,454.3
323584,0,452.2
323840,0,450.0
324096,0,447.9
324352,0,445.9
324608,0,443.8
324864,0,441.7
325120,0,439.7
325376,0,437.6
325632,0,435.6
325888,0,433.5
326144,0,431.5
326400,0,429.5
326656,0,427.5
326912,0,425.5
327168,0,423.5
327424,0,421.5
327680,0,419.6
327936,0,417.6
328192,0,415.7
328448,0,413.7
328704,0,411.8
328960,0,409.9
329216,0,408.0
329472,0,406.1
329728,0,404.2
329984,0,402.3
330240,0,400.4
330496,0,398.5
330752,0,396.7
331008,0,394.8
331264,0,393.0
331520,0,391.2
331776,0,389.3
332032,0,387.5
332288,0,385.7
332544,0,383.9
332800,0,382.1
333056,0,380.3
333312,0,378.6
333568,0,376.8
333824,0,375.0
334080,0,373.3
334336,0,371.5
334592,0,369.8
334848,0,368.1
335104,0,366.4
335360,0,364.7
335616,0,363.0
335872,0,361.3
336128,0,359.6
336384,0,357.9
336640,0,356.2
336896,0,354.6
337152,0,352.9
337408,0,351.3
337664,0,349.6
337920,0,348.0
338176,0,346.4
338432,0,344.8
338688,0,343.2
338944,0,341.6
339200,0,340.0
339456,0,338.4
339712,0,336.8
339968,0,335.2
340224,0,333.7
340480,0,332.1
340736,0,330.6
340992,0,329.0
341248,0,327.5
341504,0,326.0
341760,0,324.4
342016,0,322.9
342272,0,321.4
342528,0,319.9
342784,0,318.4
343040,0,316.9
343296,0,315.5
343552,0,314.0
343808,0,312.5
344064,0,311.1
344320,0,309.6
344576,0,308.2
344832,0,306.7
345088,0,305.3
345344,0,303.9
345600,0,302.5
345856,0,301.0
346112,0,299.6
346368,0,298.2
346624,0,296.9
346880,0,295.5
347136,0,294.1
347392,0,292.7
347648,0,291.4
347904,0,290.0
348160,0,288.6
348416,0,287.3
348672,0,286.0
348928,0,284.6
349184,0,283.3
349440,0,282.0
349696,0,280.7
349952,0,279.3
350208,0,278.0
350464,0,276.7
350720,0,275.5
350976,0,274.2
351232,0,272.9
351488,0,271.6
351744,0,270.4
352000,0,269.1
352256,0,267.8
352512,0,266.6
352768,0,265.3
353024,0,264.1
353280,0,262.9
353536,0,261.7
353792,0,260.4
354048,0,259.2
354304,0,258.0
354560,0,256.8
354816,0,255.6
355072,0,254.4
355328,0,253.2
355584,0,252.0
355840,0,250.9
356096,0,249.7
356352,0,248.5
356608,0,247.4
356864,0,246.2
357120,0,245.1
357376,0,243.9
357632,0,242.8
357888,0,241.7
358144,0,240.5
358400,0,239.4
358656,0,238.3
358912,0,237.2
359168,0,236.1
359424,0,235.0
359680,0,233.9
359936,0,232.8
360192,0,231.7
360448,0,230.6
360704,0,229.5
360960,0,228.5
361216,0,227.4
361472,0,226.3
361728,0,225.3
361984,0,224.2
362240,0,223.2
362496,0,222.2
362752,0,221.1
363008,0,220.1
363264,0,219.1
363520,0,218.0
363776,0,217.0
364032,0,216.0
364288,0,215.0
364544,0,214.0
364800,0,213.0
365056,0,212.0
365312,0,211.0
365568,0,210.0
365824,0,209.1
366080,0,208.1
366336,0,207.1
366592,0,206.1
366848,0,205.2
367104,0,204.2
367360,0,203.3
367616,0,202.3
367872,0,201.4
368128,0,200.4
368384,0,199.5
368640,0,198.6
368896,0,197.6
369152,0,196.7
369408,0,195.8
369664,0,194.9
369920,0,194.0
370176,0,193.1
370432,0,192.2
370688,0,191.3
370944,0,190.4
371200,0,189.5
371456,0,188.6
371712,0,187.7
371968,0,186.9
372224,0,186.0
372480,0,185.1
372736,0,184.3
372992,0,183.4
373248,0,182.5
373504,0,181.7
373760,0,180.8
374016,0,180.0
374272,0,179.2
374528,0,178.3
374784,0,177.5
375040,0,176.7
375296,0,175.8
375552,0,175.0
375808,0,174.2
376064,0,173.4
376320,0,172.6
376576,0,171.8
376832,0,171.0
377088,0,170.2
377344,0,169.4
377600,0,168.6
377856,0,167.8
378112,0,167.0
378368,0,166.3
378624,0,165.5
378880,0,164.7
379136,0,163.9
379392,0,163.2
379648,0,162.4
379904,0,161.7
380160,0,160.9
380416,0,160.1
380672,0,159.4
380928,0,158.7
381184,0,157.9
381440,0,157.2
381696,0,156.4
381952,0,155.7
382208,0,155.0
382464,0,154.3
382720,0,153.5
382976,0,152.8
383232,0,152.1
383488,0,151.4
383744,0,150.7
