0,2,3.5
0,3,5.0
0,4,2
0,5,700
0,6,0.0
0,7,900
0,0,60
10560,1,60
14400,0,64
24960,1,64
28800,0,67
39360,1,67
43200,0,71
53760,1,71
57600,0,72
68160,1,72
72000,0,71
82560,1,71
86400,0,67
96960,1,67
100800,0,64
111360,1,64
115200,0,57
125760,1,57
129600,0,60
140160,1,60
144000,0,64
154560,1,64
158400,0,67
168960,1,67
172800,0,71
183360,1,71
187200,0,67
197760,1,67
201600,0,64
212160,1,64
216000,0,60
226560,1,60
230400,0,53
240960,1,53
244800,0,57
255360,1,57
259200,0,60
269760,1,60
273600,0,64
284160,1,64
288000,0,69
298560,1,69
302400,0,64
312960,1,64
316800,0,60
327360,1,60
331200,0,57
341760,1,57
345600,0,55
356160,1,55
360000,0,59
370560,1,59
374400,0,62
384960,1,62
388800,0,64
399360,1,64
403200,0,67
413760,1,67
417600,0,71
428160,1,71
432000,0,74
442560,1,74
446400,0,79
456960,1,79
460800,0,48
460800,0,60
460800,0,64
460800,0,67
460800,0,72
518400,1,48
518400,1,60
518400,1,64
518400,1,67
518400,1,72
