0,2,1.0
0,3,2.0
0,4,2
0,5,140
0,6,0.55
0,7,60
0,0,45
4320,1,45
6000,0,45
10320,1,45
12000,0,57
16320,1,57
18000,0,45
22320,1,45
24000,0,43
28320,1,43
30000,0,45
34320,1,45
36000,0,48
40320,1,48
42000,0,45
46320,1,45
48000,0,41
52320,1,41
54000,0,41
58320,1,41
60000,0,53
64320,1,53
66000,0,41
70320,1,41
72000,0,43
76320,1,43
78000,0,43
82320,1,43
84000,0,55
88320,1,55
90000,0,47
94320,1,47
96000,0,45
100320,1,45
102000,0,45
106320,1,45
108000,0,57
112320,1,57
114000,0,45
118320,1,45
120000,0,48
124320,1,48
126000,0,45
130320,1,45
132000,0,52
136320,1,52
138000,0,45
142320,1,45
144000,0,41
148320,1,41
150000,0,41
154320,1,41
156000,0,53
160320,1,53
162000,0,41
166320,1,41
168000,0,40
172320,1,40
174000,0,40
178320,1,40
180000,0,52
184320,1,52
186000,0,44
190320,1,44
192000,0,45
196320,1,45
198000,0,45
202320,1,45
204000,0,57
208320,1,57
210000,0,45
214320,1,45
216000,0,43
220320,1,43
222000,0,45
226320,1,45
228000,0,48
232320,1,48
234000,0,45
238320,1,45
240000,0,41
244320,1,41
246000,0,41
250320,1,41
252000,0,53
256320,1,53
258000,0,41
262320,1,41
264000,0,43
268320,1,43
270000,0,43
274320,1,43
276000,0,55
280320,1,55
282000,0,47
286320,1,47
288000,0,45
292320,1,45
294000,0,45
298320,1,45
300000,0,57
304320,1,57
306000,0,45
310320,1,45
312000,0,48
316320,1,48
318000,0,45
322320,1,45
324000,0,52
328320,1,52
330000,0,45
334320,1,45
336000,0,41
340320,1,41
342000,0,41
346320,1,41
348000,0,53
352320,1,53
354000,0,41
358320,1,41
360000,0,40
364320,1,40
366000,0,40
370320,1,40
372000,0,52
376320,1,52
378000,0,44
382320,1,44
